-- Seller entity
INSERT INTO SLR_ENTITY(SLR_ID, ADD_ID, ADD_TMST, UPD_ID, UPD_TMST, ACTV_REC_IND,SLR_EMAIL, SLR_NAME)
VALUES(1L,'1L','2020-01-01T01:01:01.001','1L','2020-01-01T01:01:01.001','Y','tom@gmail.com','Tom');

INSERT INTO SLR_ENTITY(SLR_ID, ADD_ID, ADD_TMST, UPD_ID, UPD_TMST, ACTV_REC_IND, SLR_EMAIL, SLR_NAME)
VALUES(2L,'2L','2020-01-01T01:01:01.001','2L','2020-01-01T01:01:01.001','Y','john@gmail.com','John');

INSERT INTO SLR_ENTITY(SLR_ID, ADD_ID, ADD_TMST, UPD_ID, UPD_TMST, ACTV_REC_IND, SLR_EMAIL, SLR_NAME)
VALUES(3L,'3L','2020-01-01T01:01:01.001','3L','2020-01-01T01:01:01.001','Y','nick@yahoo.com','Nick');

INSERT INTO SLR_ENTITY(SLR_ID, ADD_ID, ADD_TMST, UPD_ID, UPD_TMST, ACTV_REC_IND, SLR_EMAIL, SLR_NAME)
VALUES(4L,'4L','2020-01-01T01:01:01.001','4L','2020-01-01T01:01:01.001','Y','alice@ebay.com','Alice');

INSERT INTO SLR_ENTITY(SLR_ID, ADD_ID, ADD_TMST, UPD_ID, UPD_TMST, ACTV_REC_IND, SLR_EMAIL, SLR_NAME)
VALUES(5L,'5L','2020-01-01T01:01:01.001','5L','2020-01-01T01:01:01.001','Y','john@ebay.com','John');


-- Product entity
INSERT INTO PRDCT_ENTITY (PRDCT_CTGR, PRDCT_ID,SLR_ID, ADD_ID, ADD_TMST, UPD_ID, UPD_TMST, ACTV_REC_IND, PRDCT_DESC, PRDCT_PRC, PRDCT_NAME, PRDCT_QNT)
VALUES(5,250L,1L,'1L','2020-01-01T01:01:01.001','1L','2020-01-01T01:01:01.001','Y','it is a watch','100.00','Rolex','10');

INSERT INTO PRDCT_ENTITY (PRDCT_CTGR, PRDCT_ID, SLR_ID, ADD_ID, ADD_TMST, UPD_ID, UPD_TMST, ACTV_REC_IND, PRDCT_DESC, PRDCT_PRC, PRDCT_NAME, PRDCT_QNT)
VALUES(2,251L,1L,'1L','2020-01-01T01:01:01.001','1L','2020-01-01T01:01:01.001','Y','it is a car from Tom','5000.00','Honda','2');

INSERT INTO PRDCT_ENTITY (PRDCT_CTGR, PRDCT_ID, SLR_ID, ADD_ID, ADD_TMST, UPD_ID, UPD_TMST, ACTV_REC_IND, PRDCT_DESC, PRDCT_PRC, PRDCT_NAME, PRDCT_QNT)
VALUES(2,252L,1L,'1L','2020-01-01T01:01:01.001','1L','2020-01-01T01:01:01.001','Y','it is another car from Tom','1500.00','Honda','2');

INSERT INTO PRDCT_ENTITY (PRDCT_CTGR, PRDCT_ID, SLR_ID, ADD_ID, ADD_TMST, UPD_ID, UPD_TMST, ACTV_REC_IND, PRDCT_DESC, PRDCT_PRC, PRDCT_NAME, PRDCT_QNT)
VALUES(2,251L,2L,'2L','2020-01-01T01:01:01.001','2L','2020-01-01T01:01:01.001','Y','it is a car from John','10000.00','Honda','3');

INSERT INTO PRDCT_ENTITY (PRDCT_CTGR, PRDCT_ID, SLR_ID, ADD_ID, ADD_TMST, UPD_ID, UPD_TMST, ACTV_REC_IND, PRDCT_DESC, PRDCT_PRC, PRDCT_NAME, PRDCT_QNT)
VALUES(2,251L,3L,'3L','2020-01-01T01:01:01.001','3L','2020-01-01T01:01:01.001','Y','it is a car from Nick','1000.00','Honda','1');

INSERT INTO PRDCT_ENTITY (PRDCT_CTGR, PRDCT_ID, SLR_ID, ADD_ID, ADD_TMST, UPD_ID, UPD_TMST, ACTV_REC_IND, PRDCT_DESC, PRDCT_PRC, PRDCT_NAME, PRDCT_QNT)
VALUES(3,252L,4L,'4L','2020-01-01T01:01:01.001','4L','2020-01-01T01:01:01.001','Y','it is a camera from Alice','700.00','Canon','5');


-- Person enrollment entity
INSERT INTO PRSN_ENRL(ENRL_ID, ADD_ID, ADD_TMST, UPD_ID, UPD_TMST, ACTV_REC_IND, ENRL_CTGR, ENRL_STAT, ENRL_TMST, ENRL_USR_ID, SLR_ID, UNENRL_TMST, UNENRL_USR_ID)
VALUES(1L,'1L','2020-01-01T01:01:01.001','1L','2020-01-01T01:01:01.001','Y','Shipping_Program','ENROLLED','2020-01-01T01:01:01.001','1L',1L,null,null);

INSERT INTO PRSN_ENRL(ENRL_ID, ADD_ID, ADD_TMST, UPD_ID, UPD_TMST, ACTV_REC_IND, ENRL_CTGR, ENRL_STAT, ENRL_TMST, ENRL_USR_ID, SLR_ID, UNENRL_TMST, UNENRL_USR_ID)
VALUES(2L,'1L','2020-01-01T01:01:01.001','1L','2020-01-01T01:01:01.001','Y','Payment_Program','PAUSED','2020-01-01T01:01:01.001','1L',1L,null,null);

INSERT INTO PRSN_ENRL(ENRL_ID, ADD_ID, ADD_TMST, UPD_ID, UPD_TMST, ACTV_REC_IND, ENRL_CTGR, ENRL_STAT, ENRL_TMST, ENRL_USR_ID, SLR_ID, UNENRL_TMST, UNENRL_USR_ID)
VALUES(3L,'2L','2020-01-01T01:01:01.001','2L','2020-01-01T01:01:01.001','Y','Shipping_Program','ENROLLED','2020-01-01T01:01:01.001','2L',2L,null,null);

INSERT INTO PRSN_ENRL(ENRL_ID, ADD_ID, ADD_TMST, UPD_ID, UPD_TMST, ACTV_REC_IND, ENRL_CTGR, ENRL_STAT, ENRL_TMST, ENRL_USR_ID, SLR_ID, UNENRL_TMST, UNENRL_USR_ID)
VALUES(4L,'3L','2020-01-01T01:01:01.001','3L','2020-01-01T01:01:01.001','N','Shipping_Program','UNENROLLED','2020-01-01T01:01:01.001','3L',3L,'2020-01-01T01:01:01.001','3L');

INSERT INTO PRSN_ENRL(ENRL_ID, ADD_ID, ADD_TMST, UPD_ID, UPD_TMST, ACTV_REC_IND, ENRL_CTGR, ENRL_STAT, ENRL_TMST, ENRL_USR_ID, SLR_ID, UNENRL_TMST, UNENRL_USR_ID)
VALUES(5L,'4L','2020-01-01T01:01:01.001','4L','2020-01-01T01:01:01.001','Y','Shipping_Program','PAUSED','2020-01-01T01:01:01.001','4L',4L,null,null);


